CountyID,County,stateID,,CountyID,CountyStateID
1,Fairbanks North Star,1,,1,Fairbanks North Star1
2,Kenai Peninsula,1,,2,Kenai Peninsula1
3,Matanuska Susitna,1,,3,Matanuska Susitna1
4,Autauga,2,,4,Autauga2
5,Baldwin,2,,5,Baldwin2
6,Butler,2,,6,Butler2
7,Calhoun,2,,7,Calhoun2
8,Cherokee,2,,8,Cherokee2
9,Coffee,2,,9,Coffee2
10,Colbert,2,,10,Colbert2
11,Dale,2,,11,Dale2
12,Elmore,2,,12,Elmore2
13,Etowah,2,,13,Etowah2
14,Franklin,2,,14,Franklin2
15,Henry,2,,15,Henry2
16,Houston,2,,16,Houston2
17,Jackson,2,,17,Jackson2
18,Jefferson,2,,18,Jefferson2
19,Lauderdale,2,,19,Lauderdale2
20,Lee,2,,20,Lee2
21,Madison,2,,21,Madison2
22,Marshall,2,,22,Marshall2
23,Mobile,2,,23,Mobile2
24,Montgomery,2,,24,Montgomery2
25,Morgan,2,,25,Morgan2
26,Pike,2,,26,Pike2
27,Russell,2,,27,Russell2
28,Saint Clair,2,,28,Saint Clair2
29,Shelby,2,,29,Shelby2
30,Talladega,2,,30,Talladega2
31,Tuscaloosa,2,,31,Tuscaloosa2
32,Baxter,3,,32,Baxter3
33,Benton,3,,33,Benton3
34,Cleburne,3,,34,Cleburne3
35,Conway,3,,35,Conway3
36,Craighead,3,,36,Craighead3
37,Crawford,3,,37,Crawford3
38,Crittenden,3,,38,Crittenden3
39,Faulkner,3,,39,Faulkner3
40,Garland,3,,40,Garland3
41,Greene,3,,41,Greene3
42,Hot Spring,3,,42,Hot Spring3
43,Howard,3,,43,Howard3
44,Independence,3,,44,Independence3
45,Izard,3,,45,Izard3
46,Jefferson,3,,46,Jefferson3
47,Johnson,3,,47,Johnson3
48,Lonoke,3,,48,Lonoke3
49,Marion,3,,49,Marion3
50,Miller,3,,50,Miller3
51,Mississippi,3,,51,Mississippi3
52,Polk,3,,52,Polk3
53,Pope,3,,53,Pope3
54,Pulaski,3,,54,Pulaski3
55,Saline,3,,55,Saline3
56,Sebastian,3,,56,Sebastian3
57,Sharp,3,,57,Sharp3
58,Stone,3,,58,Stone3
59,Van Buren,3,,59,Van Buren3
60,Washington,3,,60,Washington3
61,White,3,,61,White3
62,Yell,3,,62,Yell3
63,Cochise,4,,63,Cochise4
64,Coconino,4,,64,Coconino4
65,Gila,4,,65,Gila4
66,Graham,4,,66,Graham4
67,La Paz,4,,67,La Paz4
68,Maricopa,4,,68,Maricopa4
69,Mohave,4,,69,Mohave4
70,Navajo,4,,70,Navajo4
71,Pima,4,,71,Pima4
72,Pinal,4,,72,Pinal4
73,Santa Cruz,4,,73,Santa Cruz4
74,Yavapai,4,,74,Yavapai4
75,Yuma,4,,75,Yuma4
76,Alameda,5,,76,Alameda5
77,Amador,5,,77,Amador5
78,Butte,5,,78,Butte5
79,Calaveras,5,,79,Calaveras5
80,Colusa,5,,80,Colusa5
81,Contra Costa,5,,81,Contra Costa5
82,El Dorado,5,,82,El Dorado5
83,Fresno,5,,83,Fresno5
84,Glenn,5,,84,Glenn5
85,Humboldt,5,,85,Humboldt5
86,Imperial,5,,86,Imperial5
87,Inyo,5,,87,Inyo5
88,Kern,5,,88,Kern5
89,Kings,5,,89,Kings5
90,Lake,5,,90,Lake5
91,Lassen,5,,91,Lassen5
92,Los Angeles,5,,92,Los Angeles5
93,Madera,5,,93,Madera5
94,Marin,5,,94,Marin5
95,Mariposa,5,,95,Mariposa5
96,Merced,5,,96,Merced5
97,Mono,5,,97,Mono5
98,Monterey,5,,98,Monterey5
99,Napa,5,,99,Napa5
100,Nevada,5,,100,Nevada5
101,Orange,5,,101,Orange5
102,Placer,5,,102,Placer5
103,Plumas,5,,103,Plumas5
104,Riverside,5,,104,Riverside5
105,Sacramento,5,,105,Sacramento5
106,San Benito,5,,106,San Benito5
107,San Bernardino,5,,107,San Bernardino5
108,San Diego,5,,108,San Diego5
109,San Francisco,5,,109,San Francisco5
110,San Joaquin,5,,110,San Joaquin5
111,San Luis Obispo,5,,111,San Luis Obispo5
112,San Mateo,5,,112,San Mateo5
113,Santa Barbara,5,,113,Santa Barbara5
114,Santa Clara,5,,114,Santa Clara5
115,Santa Cruz,5,,115,Santa Cruz5
116,Shasta,5,,116,Shasta5
117,Siskiyou,5,,117,Siskiyou5
118,Solano,5,,118,Solano5
119,Sonoma,5,,119,Sonoma5
120,Stanislaus,5,,120,Stanislaus5
121,Sutter,5,,121,Sutter5
122,Tehama,5,,122,Tehama5
123,Tulare,5,,123,Tulare5
124,Tuolumne,5,,124,Tuolumne5
125,Ventura,5,,125,Ventura5
126,Yolo,5,,126,Yolo5
127,Yuba,5,,127,Yuba5
128,Adams,6,,128,Adams6
129,Arapahoe,6,,129,Arapahoe6
130,Archuleta,6,,130,Archuleta6
131,Boulder,6,,131,Boulder6
132,Broomfield,6,,132,Broomfield6
133,Clear Creek,6,,133,Clear Creek6
134,Conejos,6,,134,Conejos6
135,Crowley,6,,135,Crowley6
136,Delta,6,,136,Delta6
137,Denver,6,,137,Denver6
138,Douglas,6,,138,Douglas6
139,Eagle,6,,139,Eagle6
140,El Paso,6,,140,El Paso6
141,Elbert,6,,141,Elbert6
142,Fremont,6,,142,Fremont6
143,Garfield,6,,143,Garfield6
144,Grand,6,,144,Grand6
145,Gunnison,6,,145,Gunnison6
146,Huerfano,6,,146,Huerfano6
147,Jefferson,6,,147,Jefferson6
148,Kit Carson,6,,148,Kit Carson6
149,Lake,6,,149,Lake6
150,Larimer,6,,150,Larimer6
151,Las Animas,6,,151,Las Animas6
152,Logan,6,,152,Logan6
153,Mesa,6,,153,Mesa6
154,Moffat,6,,154,Moffat6
155,Montezuma,6,,155,Montezuma6
156,Montrose,6,,156,Montrose6
157,Ouray,6,,157,Ouray6
158,Park,6,,158,Park6
159,Prowers,6,,159,Prowers6
160,Pueblo,6,,160,Pueblo6
161,Rio Blanco,6,,161,Rio Blanco6
162,Rio Grande,6,,162,Rio Grande6
163,Routt,6,,163,Routt6
164,San Miguel,6,,164,San Miguel6
165,Teller,6,,165,Teller6
166,Weld,6,,166,Weld6
167,Fairfield,7,,167,Fairfield7
168,Hartford,7,,168,Hartford7
169,Litchfield,7,,169,Litchfield7
170,Middlesex,7,,170,Middlesex7
171,New Haven,7,,171,New Haven7
172,New London,7,,172,New London7
173,Tolland,7,,173,Tolland7
174,Windham,7,,174,Windham7
175,District of Columbia,8,,175,District of Columbia8
176,Kent,9,,176,Kent9
177,New Castle,9,,177,New Castle9
178,Sussex,9,,178,Sussex9
179,Alachua,10,,179,Alachua10
180,Baker,10,,180,Baker10
181,Bay,10,,181,Bay10
182,Bradford,10,,182,Bradford10
183,Brevard,10,,183,Brevard10
184,Broward,10,,184,Broward10
185,Charlotte,10,,185,Charlotte10
186,Citrus,10,,186,Citrus10
187,Clay,10,,187,Clay10
188,Columbia,10,,188,Columbia10
189,De Soto,10,,189,De Soto10
190,Duval,10,,190,Duval10
191,Escambia,10,,191,Escambia10
192,Flagler,10,,192,Flagler10
193,Gadsden,10,,193,Gadsden10
194,Gilchrist,10,,194,Gilchrist10
195,Glades,10,,195,Glades10
196,Gulf,10,,196,Gulf10
197,Hendry,10,,197,Hendry10
198,Hernando,10,,198,Hernando10
199,Highlands,10,,199,Highlands10
200,Hillsborough,10,,200,Hillsborough10
201,Indian River,10,,201,Indian River10
202,Jackson,10,,202,Jackson10
203,Jefferson,10,,203,Jefferson10
204,Lake,10,,204,Lake10
205,Lee,10,,205,Lee10
206,Leon,10,,206,Leon10
207,Levy,10,,207,Levy10
208,Madison,10,,208,Madison10
209,Manatee,10,,209,Manatee10
210,Marion,10,,210,Marion10
211,Martin,10,,211,Martin10
212,Miami-Dade,10,,212,Miami-Dade10
213,Monroe,10,,213,Monroe10
214,Nassau,10,,214,Nassau10
215,Okaloosa,10,,215,Okaloosa10
216,Okeechobee,10,,216,Okeechobee10
217,Orange,10,,217,Orange10
218,Osceola,10,,218,Osceola10
219,Palm Beach,10,,219,Palm Beach10
220,Pasco,10,,220,Pasco10
221,Pinellas,10,,221,Pinellas10
222,Polk,10,,222,Polk10
223,Putnam,10,,223,Putnam10
224,Saint Johns,10,,224,Saint Johns10
225,Saint Lucie,10,,225,Saint Lucie10
226,Santa Rosa,10,,226,Santa Rosa10
227,Sarasota,10,,227,Sarasota10
228,Seminole,10,,228,Seminole10
229,Sumter,10,,229,Sumter10
230,Suwannee,10,,230,Suwannee10
231,Union,10,,231,Union10
232,Volusia,10,,232,Volusia10
233,Wakulla,10,,233,Wakulla10
234,Walton,10,,234,Walton10
235,Baldwin,11,,235,Baldwin11
236,Banks,11,,236,Banks11
237,Barrow,11,,237,Barrow11
238,Bartow,11,,238,Bartow11
239,Berrien,11,,239,Berrien11
240,Bibb,11,,240,Bibb11
241,Bleckley,11,,241,Bleckley11
242,Brooks,11,,242,Brooks11
243,Bryan,11,,243,Bryan11
244,Bulloch,11,,244,Bulloch11
245,Butts,11,,245,Butts11
246,Camden,11,,246,Camden11
247,Carroll,11,,247,Carroll11
248,Catoosa,11,,248,Catoosa11
249,Chatham,11,,249,Chatham11
250,Chattahoochee,11,,250,Chattahoochee11
251,Cherokee,11,,251,Cherokee11
252,Clarke,11,,252,Clarke11
253,Clayton,11,,253,Clayton11
254,Cobb,11,,254,Cobb11
255,Columbia,11,,255,Columbia11
256,Cook,11,,256,Cook11
257,Coweta,11,,257,Coweta11
258,Crawford,11,,258,Crawford11
259,Crisp,11,,259,Crisp11
260,Dade,11,,260,Dade11
261,Dawson,11,,261,Dawson11
262,Dekalb,11,,262,Dekalb11
263,Dodge,11,,263,Dodge11
264,Dougherty,11,,264,Dougherty11
265,Douglas,11,,265,Douglas11
266,Effingham,11,,266,Effingham11
267,Elbert,11,,267,Elbert11
268,Emanuel,11,,268,Emanuel11
269,Evans,11,,269,Evans11
270,Fannin,11,,270,Fannin11
271,Fayette,11,,271,Fayette11
272,Floyd,11,,272,Floyd11
273,Forsyth,11,,273,Forsyth11
274,Franklin,11,,274,Franklin11
275,Fulton,11,,275,Fulton11
276,Gilmer,11,,276,Gilmer11
277,Glynn,11,,277,Glynn11
278,Gordon,11,,278,Gordon11
279,Grady,11,,279,Grady11
280,Greene,11,,280,Greene11
281,Gwinnett,11,,281,Gwinnett11
282,Habersham,11,,282,Habersham11
283,Hall,11,,283,Hall11
284,Haralson,11,,284,Haralson11
285,Harris,11,,285,Harris11
286,Hart,11,,286,Hart11
287,Henry,11,,287,Henry11
288,Houston,11,,288,Houston11
289,Jackson,11,,289,Jackson11
290,Jasper,11,,290,Jasper11
291,Jefferson,11,,291,Jefferson11
292,Jones,11,,292,Jones11
293,Lamar,11,,293,Lamar11
294,Lanier,11,,294,Lanier11
295,Laurens,11,,295,Laurens11
296,Lee,11,,296,Lee11
297,Liberty,11,,297,Liberty11
298,Lincoln,11,,298,Lincoln11
299,Long,11,,299,Long11
300,Lowndes,11,,300,Lowndes11
301,Lumpkin,11,,301,Lumpkin11
302,Macon,11,,302,Macon11
303,Madison,11,,303,Madison11
304,McIntosh,11,,304,McIntosh11
305,Meriwether,11,,305,Meriwether11
306,Mitchell,11,,306,Mitchell11
307,Monroe,11,,307,Monroe11
308,Montgomery,11,,308,Montgomery11
309,Morgan,11,,309,Morgan11
310,Murray,11,,310,Murray11
311,Muscogee,11,,311,Muscogee11
312,Newton,11,,312,Newton11
313,Oconee,11,,313,Oconee11
314,Oglethorpe,11,,314,Oglethorpe11
315,Paulding,11,,315,Paulding11
316,Peach,11,,316,Peach11
317,Pickens,11,,317,Pickens11
318,Pike,11,,318,Pike11
319,Polk,11,,319,Polk11
320,Pulaski,11,,320,Pulaski11
321,Putnam,11,,321,Putnam11
322,Quitman,11,,322,Quitman11
323,Rabun,11,,323,Rabun11
324,Richmond,11,,324,Richmond11
325,Rockdale,11,,325,Rockdale11
326,Screven,11,,326,Screven11
327,Seminole,11,,327,Seminole11
328,Spalding,11,,328,Spalding11
329,Stephens,11,,329,Stephens11
330,Tattnall,11,,330,Tattnall11
331,Terrell,11,,331,Terrell11
332,Thomas,11,,332,Thomas11
333,Tift,11,,333,Tift11
334,Toombs,11,,334,Toombs11
335,Towns,11,,335,Towns11
336,Troup,11,,336,Troup11
337,Turner,11,,337,Turner11
338,Union,11,,338,Union11
339,Upson,11,,339,Upson11
340,Walker,11,,340,Walker11
341,Walton,11,,341,Walton11
342,Ware,11,,342,Ware11
343,Wayne,11,,343,Wayne11
344,White,11,,344,White11
345,Whitfield,11,,345,Whitfield11
346,Wilkes,11,,346,Wilkes11
347,Worth,11,,347,Worth11
348,Hawaii,12,,348,Hawaii12
349,Honolulu,12,,349,Honolulu12
350,Maui,12,,350,Maui12
351,Adair,13,,351,Adair13
352,Adams,13,,352,Adams13
353,Allamakee,13,,353,Allamakee13
354,Audubon,13,,354,Audubon13
355,Black Hawk,13,,355,Black Hawk13
356,Boone,13,,356,Boone13
357,Bremer,13,,357,Bremer13
358,Buchanan,13,,358,Buchanan13
359,Calhoun,13,,359,Calhoun13
360,Carroll,13,,360,Carroll13
361,Cerro Gordo,13,,361,Cerro Gordo13
362,Clarke,13,,362,Clarke13
363,Clinton,13,,363,Clinton13
364,Dallas,13,,364,Dallas13
365,Decatur,13,,365,Decatur13
366,Des Moines,13,,366,Des Moines13
367,Dubuque,13,,367,Dubuque13
368,Fayette,13,,368,Fayette13
369,Hancock,13,,369,Hancock13
370,Humboldt,13,,370,Humboldt13
371,Jasper,13,,371,Jasper13
372,Jefferson,13,,372,Jefferson13
373,Johnson,13,,373,Johnson13
374,Jones,13,,374,Jones13
375,Linn,13,,375,Linn13
376,Madison,13,,376,Madison13
377,Marion,13,,377,Marion13
378,Marshall,13,,378,Marshall13
379,Mills,13,,379,Mills13
380,Montgomery,13,,380,Montgomery13
381,Muscatine,13,,381,Muscatine13
382,Polk,13,,382,Polk13
383,Pottawattamie,13,,383,Pottawattamie13
384,Poweshiek,13,,384,Poweshiek13
385,Sac,13,,385,Sac13
386,Scott,13,,386,Scott13
387,Story,13,,387,Story13
388,Warren,13,,388,Warren13
389,Washington,13,,389,Washington13
390,Webster,13,,390,Webster13
391,Winnebago,13,,391,Winnebago13
392,Woodbury,13,,392,Woodbury13
393,Worth,13,,393,Worth13
394,Ada,14,,394,Ada14
395,Bannock,14,,395,Bannock14
396,Bear Lake,14,,396,Bear Lake14
397,Benewah,14,,397,Benewah14
398,Bingham,14,,398,Bingham14
399,Blaine,14,,399,Blaine14
400,Bonner,14,,400,Bonner14
401,Bonneville,14,,401,Bonneville14
402,Canyon,14,,402,Canyon14
403,Caribou,14,,403,Caribou14
404,Clearwater,14,,404,Clearwater14
405,Elmore,14,,405,Elmore14
406,Franklin,14,,406,Franklin14
407,Fremont,14,,407,Fremont14
408,Gem,14,,408,Gem14
409,Gooding,14,,409,Gooding14
410,Jefferson,14,,410,Jefferson14
411,Jerome,14,,411,Jerome14
412,Kootenai,14,,412,Kootenai14
413,Latah,14,,413,Latah14
414,Lemhi,14,,414,Lemhi14
415,Madison,14,,415,Madison14
416,Nez Perce,14,,416,Nez Perce14
417,Owyhee,14,,417,Owyhee14
418,Payette,14,,418,Payette14
419,Power,14,,419,Power14
420,Shoshone,14,,420,Shoshone14
421,Teton,14,,421,Teton14
422,Twin Falls,14,,422,Twin Falls14
423,Adams,15,,423,Adams15
424,Boone,15,,424,Boone15
425,Bureau,15,,425,Bureau15
426,Carroll,15,,426,Carroll15
427,Champaign,15,,427,Champaign15
428,Clinton,15,,428,Clinton15
429,Coles,15,,429,Coles15
430,Cook,15,,430,Cook15
431,DeKalb,15,,431,DeKalb15
432,Douglas,15,,432,Douglas15
433,Du Page,15,,433,Du Page15
434,Ford,15,,434,Ford15
435,Franklin,15,,435,Franklin15
436,Greene,15,,436,Greene15
437,Grundy,15,,437,Grundy15
438,Hamilton,15,,438,Hamilton15
439,Henry,15,,439,Henry15
440,Iroquois,15,,440,Iroquois15
441,Jefferson,15,,441,Jefferson15
442,Jersey,15,,442,Jersey15
443,Jo Daviess,15,,443,Jo Daviess15
444,Kane,15,,444,Kane15
445,Kankakee,15,,445,Kankakee15
446,Kendall,15,,446,Kendall15
447,La Salle,15,,447,La Salle15
448,Lake,15,,448,Lake15
449,Lee,15,,449,Lee15
450,Livingston,15,,450,Livingston15
451,Logan,15,,451,Logan15
452,Macon,15,,452,Macon15
453,Macoupin,15,,453,Macoupin15
454,Madison,15,,454,Madison15
455,Marshall,15,,455,Marshall15
456,McHenry,15,,456,McHenry15
457,McLean,15,,457,McLean15
458,Mercer,15,,458,Mercer15
459,Monroe,15,,459,Monroe15
460,Montgomery,15,,460,Montgomery15
461,Moultrie,15,,461,Moultrie15
462,Ogle,15,,462,Ogle15
463,Peoria,15,,463,Peoria15
464,Piatt,15,,464,Piatt15
465,Putnam,15,,465,Putnam15
466,Randolph,15,,466,Randolph15
467,Rock Island,15,,467,Rock Island15
468,Saint Clair,15,,468,Saint Clair15
469,Sangamon,15,,469,Sangamon15
470,Schuyler,15,,470,Schuyler15
471,Warren,15,,471,Warren15
472,Washington,15,,472,Washington15
473,Whiteside,15,,473,Whiteside15
474,Will,15,,474,Will15
475,Williamson,15,,475,Williamson15
476,Winnebago,15,,476,Winnebago15
477,Woodford,15,,477,Woodford15
478,Allen,16,,478,Allen16
479,Bartholomew,16,,479,Bartholomew16
480,Benton,16,,480,Benton16
481,Blackford,16,,481,Blackford16
482,Boone,16,,482,Boone16
483,Brown,16,,483,Brown16
484,Cass,16,,484,Cass16
485,Clark,16,,485,Clark16
486,Clay,16,,486,Clay16
487,Clinton,16,,487,Clinton16
488,De Kalb,16,,488,De Kalb16
489,Dearborn,16,,489,Dearborn16
490,Decatur,16,,490,Decatur16
491,Delaware,16,,491,Delaware16
492,Elkhart,16,,492,Elkhart16
493,Fayette,16,,493,Fayette16
494,Floyd,16,,494,Floyd16
495,Grant,16,,495,Grant16
496,Greene,16,,496,Greene16
497,Hamilton,16,,497,Hamilton16
498,Hancock,16,,498,Hancock16
499,Hendricks,16,,499,Hendricks16
500,Henry,16,,500,Henry16
501,Howard,16,,501,Howard16
502,Huntington,16,,502,Huntington16
503,Jackson,16,,503,Jackson16
504,Jefferson,16,,504,Jefferson16
505,Johnson,16,,505,Johnson16
506,Kosciusko,16,,506,Kosciusko16
507,La Porte,16,,507,La Porte16
508,Lagrange,16,,508,Lagrange16
509,Lake,16,,509,Lake16
510,Lawrence,16,,510,Lawrence16
511,Madison,16,,511,Madison16
512,Marion,16,,512,Marion16
513,Marshall,16,,513,Marshall16
514,Miami,16,,514,Miami16
515,Monroe,16,,515,Monroe16
516,Montgomery,16,,516,Montgomery16
517,Morgan,16,,517,Morgan16
518,Newton,16,,518,Newton16
519,Noble,16,,519,Noble16
520,Perry,16,,520,Perry16
521,Porter,16,,521,Porter16
522,Posey,16,,522,Posey16
523,Randolph,16,,523,Randolph16
524,Ripley,16,,524,Ripley16
525,Rush,16,,525,Rush16
526,Saint Joseph,16,,526,Saint Joseph16
527,Scott,16,,527,Scott16
528,Shelby,16,,528,Shelby16
529,Starke,16,,529,Starke16
530,Steuben,16,,530,Steuben16
531,Tippecanoe,16,,531,Tippecanoe16
532,Tipton,16,,532,Tipton16
533,Union,16,,533,Union16
534,Vanderburgh,16,,534,Vanderburgh16
535,Vermillion,16,,535,Vermillion16
536,Vigo,16,,536,Vigo16
537,Warrick,16,,537,Warrick16
538,Wayne,16,,538,Wayne16
539,Wells,16,,539,Wells16
540,Whitley,16,,540,Whitley16
541,Atchison,17,,541,Atchison17
542,Barton,17,,542,Barton17
543,Brown,17,,543,Brown17
544,Butler,17,,544,Butler17
545,Cherokee,17,,545,Cherokee17
546,Clay,17,,546,Clay17
547,Cloud,17,,547,Cloud17
548,Crawford,17,,548,Crawford17
549,Dickinson,17,,549,Dickinson17
550,Doniphan,17,,550,Doniphan17
551,Douglas,17,,551,Douglas17
552,Ellis,17,,552,Ellis17
553,Finney,17,,553,Finney17
554,Ford,17,,554,Ford17
555,Franklin,17,,555,Franklin17
556,Geary,17,,556,Geary17
557,Hamilton,17,,557,Hamilton17
558,Harper,17,,558,Harper17
559,Harvey,17,,559,Harvey17
560,Jackson,17,,560,Jackson17
561,Jefferson,17,,561,Jefferson17
562,Johnson,17,,562,Johnson17
563,Kingman,17,,563,Kingman17
564,Leavenworth,17,,564,Leavenworth17
565,Linn,17,,565,Linn17
566,Lyon,17,,566,Lyon17
567,Marshall,17,,567,Marshall17
568,McPherson,17,,568,McPherson17
569,Miami,17,,569,Miami17
570,Montgomery,17,,570,Montgomery17
571,Morris,17,,571,Morris17
572,Neosho,17,,572,Neosho17
573,Osage,17,,573,Osage17
574,Pawnee,17,,574,Pawnee17
575,Pottawatomie,17,,575,Pottawatomie17
576,Pratt,17,,576,Pratt17
577,Reno,17,,577,Reno17
578,Riley,17,,578,Riley17
579,Rush,17,,579,Rush17
580,Saline,17,,580,Saline17
581,Sedgwick,17,,581,Sedgwick17
582,Shawnee,17,,582,Shawnee17
583,Stafford,17,,583,Stafford17
584,Sumner,17,,584,Sumner17
585,Wyandotte,17,,585,Wyandotte17
586,Anderson,18,,586,Anderson18
587,Barren,18,,587,Barren18
588,Boone,18,,588,Boone18
589,Bourbon,18,,589,Bourbon18
590,Boyd,18,,590,Boyd18
591,Boyle,18,,591,Boyle18
592,Breckinridge,18,,592,Breckinridge18
593,Bullitt,18,,593,Bullitt18
594,Calloway,18,,594,Calloway18
595,Campbell,18,,595,Campbell18
596,Carroll,18,,596,Carroll18
597,Christian,18,,597,Christian18
598,Clark,18,,598,Clark18
599,Daviess,18,,599,Daviess18
600,Fayette,18,,600,Fayette18
601,Floyd,18,,601,Floyd18
602,Franklin,18,,602,Franklin18
603,Fulton,18,,603,Fulton18
604,Gallatin,18,,604,Gallatin18
605,Garrard,18,,605,Garrard18
606,Grant,18,,606,Grant18
607,Graves,18,,607,Graves18
608,Green,18,,608,Green18
609,Hardin,18,,609,Hardin18
610,Henderson,18,,610,Henderson18
611,Hickman,18,,611,Hickman18
612,Jefferson,18,,612,Jefferson18
613,Jessamine,18,,613,Jessamine18
614,Johnson,18,,614,Johnson18
615,Kenton,18,,615,Kenton18
616,Knox,18,,616,Knox18
617,Larue,18,,617,Larue18
618,Lawrence,18,,618,Lawrence18
619,Livingston,18,,619,Livingston18
620,Logan,18,,620,Logan18
621,Lyon,18,,621,Lyon18
622,Madison,18,,622,Madison18
623,Marshall,18,,623,Marshall18
624,McCracken,18,,624,McCracken18
625,Meade,18,,625,Meade18
626,Mercer,18,,626,Mercer18
627,Metcalfe,18,,627,Metcalfe18
628,Monroe,18,,628,Monroe18
629,Nelson,18,,629,Nelson18
630,Oldham,18,,630,Oldham18
631,Perry,18,,631,Perry18
632,Powell,18,,632,Powell18
633,Scott,18,,633,Scott18
634,Shelby,18,,634,Shelby18
635,Simpson,18,,635,Simpson18
636,Taylor,18,,636,Taylor18
637,Todd,18,,637,Todd18
638,Trigg,18,,638,Trigg18
639,Trimble,18,,639,Trimble18
640,Warren,18,,640,Warren18
641,Woodford,18,,641,Woodford18
642,Acadia,19,,642,Acadia19
643,Allen,19,,643,Allen19
644,Ascension,19,,644,Ascension19
645,Beauregard,19,,645,Beauregard19
646,Bossier,19,,646,Bossier19
647,Caddo,19,,647,Caddo19
648,East Baton Rouge,19,,648,East Baton Rouge19
649,Grant,19,,649,Grant19
650,Iberia,19,,650,Iberia19
651,Iberville,19,,651,Iberville19
652,Jackson,19,,652,Jackson19
653,Jefferson,19,,653,Jefferson19
654,Jefferson Davis,19,,654,Jefferson Davis19
655,Lafayette,19,,655,Lafayette19
656,Lafourche,19,,656,Lafourche19
657,Lincoln,19,,657,Lincoln19
658,Livingston,19,,658,Livingston19
659,Natchitoches,19,,659,Natchitoches19
660,Orleans,19,,660,Orleans19
661,Plaquemines,19,,661,Plaquemines19
662,Rapides,19,,662,Rapides19
663,Saint Bernard,19,,663,Saint Bernard19
664,Saint Charles,19,,664,Saint Charles19
665,Saint John the Baptist,19,,665,Saint John the Baptist19
666,Saint Landry,19,,666,Saint Landry19
667,Saint Martin,19,,667,Saint Martin19
668,Saint Mary,19,,668,Saint Mary19
669,Saint Tammany,19,,669,Saint Tammany19
670,Tangipahoa,19,,670,Tangipahoa19
671,Terrebonne,19,,671,Terrebonne19
672,Vermilion,19,,672,Vermilion19
673,Vernon,19,,673,Vernon19
674,Webster,19,,674,Webster19
675,West Baton Rouge,19,,675,West Baton Rouge19
676,West Feliciana,19,,676,West Feliciana19
677,Barnstable,20,,677,Barnstable20
678,Berkshire,20,,678,Berkshire20
679,Bristol,20,,679,Bristol20
680,Dukes,20,,680,Dukes20
681,Essex,20,,681,Essex20
682,Franklin,20,,682,Franklin20
683,Hampden,20,,683,Hampden20
684,Hampshire,20,,684,Hampshire20
685,Middlesex,20,,685,Middlesex20
686,Norfolk,20,,686,Norfolk20
687,Plymouth,20,,687,Plymouth20
688,Suffolk,20,,688,Suffolk20
689,Worcester,20,,689,Worcester20
690,Allegany,21,,690,Allegany21
691,Anne Arundel,21,,691,Anne Arundel21
692,Baltimore,21,,692,Baltimore21
693,Baltimore City,21,,693,Baltimore City21
694,Calvert,21,,694,Calvert21
695,Caroline,21,,695,Caroline21
696,Carroll,21,,696,Carroll21
697,Cecil,21,,697,Cecil21
698,Charles,21,,698,Charles21
699,Dorchester,21,,699,Dorchester21
700,Frederick,21,,700,Frederick21
701,Garrett,21,,701,Garrett21
702,Harford,21,,702,Harford21
703,Howard,21,,703,Howard21
704,Kent,21,,704,Kent21
705,Montgomery,21,,705,Montgomery21
706,Prince Georges,21,,706,Prince Georges21
707,Queen Annes,21,,707,Queen Annes21
708,Saint Marys,21,,708,Saint Marys21
709,Somerset,21,,709,Somerset21
710,Talbot,21,,710,Talbot21
711,Washington,21,,711,Washington21
712,Wicomico,21,,712,Wicomico21
713,Worcester,21,,713,Worcester21
714,Androscoggin,22,,714,Androscoggin22
715,Aroostook,22,,715,Aroostook22
716,Cumberland,22,,716,Cumberland22
717,Franklin,22,,717,Franklin22
718,Kennebec,22,,718,Kennebec22
719,Knox,22,,719,Knox22
720,Lincoln,22,,720,Lincoln22
721,Penobscot,22,,721,Penobscot22
722,Sagadahoc,22,,722,Sagadahoc22
723,Somerset,22,,723,Somerset22
724,Waldo,22,,724,Waldo22
725,Washington,22,,725,Washington22
726,York,22,,726,York22
727,Alger,23,,727,Alger23
728,Allegan,23,,728,Allegan23
729,Alpena,23,,729,Alpena23
730,Antrim,23,,730,Antrim23
731,Arenac,23,,731,Arenac23
732,Barry,23,,732,Barry23
733,Bay,23,,733,Bay23
734,Benzie,23,,734,Benzie23
735,Berrien,23,,735,Berrien23
736,Branch,23,,736,Branch23
737,Calhoun,23,,737,Calhoun23
738,Cass,23,,738,Cass23
739,Charlevoix,23,,739,Charlevoix23
740,Cheboygan,23,,740,Cheboygan23
741,Chippewa,23,,741,Chippewa23
742,Clare,23,,742,Clare23
743,Clinton,23,,743,Clinton23
744,Delta,23,,744,Delta23
745,Eaton,23,,745,Eaton23
746,Emmet,23,,746,Emmet23
747,Genesee,23,,747,Genesee23
748,Gladwin,23,,748,Gladwin23
749,Grand Traverse,23,,749,Grand Traverse23
750,Gratiot,23,,750,Gratiot23
751,Hillsdale,23,,751,Hillsdale23
752,Houghton,23,,752,Houghton23
753,Ingham,23,,753,Ingham23
754,Ionia,23,,754,Ionia23
755,Iosco,23,,755,Iosco23
756,Iron,23,,756,Iron23
757,Isabella,23,,757,Isabella23
758,Jackson,23,,758,Jackson23
759,Kalamazoo,23,,759,Kalamazoo23
760,Kalkaska,23,,760,Kalkaska23
761,Kent,23,,761,Kent23
762,Lake,23,,762,Lake23
763,Lapeer,23,,763,Lapeer23
764,Lenawee,23,,764,Lenawee23
765,Livingston,23,,765,Livingston23
766,Mackinac,23,,766,Mackinac23
767,Macomb,23,,767,Macomb23
768,Manistee,23,,768,Manistee23
769,Marquette,23,,769,Marquette23
770,Mason,23,,770,Mason23
771,Mecosta,23,,771,Mecosta23
772,Midland,23,,772,Midland23
773,Monroe,23,,773,Monroe23
774,Montcalm,23,,774,Montcalm23
775,Muskegon,23,,775,Muskegon23
776,Newaygo,23,,776,Newaygo23
777,Oakland,23,,777,Oakland23
778,Osceola,23,,778,Osceola23
779,Oscoda,23,,779,Oscoda23
780,Otsego,23,,780,Otsego23
781,Ottawa,23,,781,Ottawa23
782,Saginaw,23,,782,Saginaw23
783,Saint Clair,23,,783,Saint Clair23
784,Saint Joseph,23,,784,Saint Joseph23
785,Sanilac,23,,785,Sanilac23
786,Shiawassee,23,,786,Shiawassee23
787,Van Buren,23,,787,Van Buren23
788,Washtenaw,23,,788,Washtenaw23
789,Wayne,23,,789,Wayne23
790,Wexford,23,,790,Wexford23
791,Anoka,24,,791,Anoka24
792,Becker,24,,792,Becker24
793,Beltrami,24,,793,Beltrami24
794,Blue Earth,24,,794,Blue Earth24
795,Carlton,24,,795,Carlton24
796,Carver,24,,796,Carver24
797,Chisago,24,,797,Chisago24
798,Clay,24,,798,Clay24
799,Crow Wing,24,,799,Crow Wing24
800,Dakota,24,,800,Dakota24
801,Dodge,24,,801,Dodge24
802,Douglas,24,,802,Douglas24
803,Faribault,24,,803,Faribault24
804,Freeborn,24,,804,Freeborn24
805,Goodhue,24,,805,Goodhue24
806,Hennepin,24,,806,Hennepin24
807,Houston,24,,807,Houston24
808,Isanti,24,,808,Isanti24
809,Itasca,24,,809,Itasca24
810,Kanabec,24,,810,Kanabec24
811,Kandiyohi,24,,811,Kandiyohi24
812,Le Sueur,24,,812,Le Sueur24
813,Lyon,24,,813,Lyon24
814,McLeod,24,,814,McLeod24
815,Meeker,24,,815,Meeker24
816,Mille Lacs,24,,816,Mille Lacs24
817,Morrison,24,,817,Morrison24
818,Nicollet,24,,818,Nicollet24
819,Nobles,24,,819,Nobles24
820,Olmsted,24,,820,Olmsted24
821,Otter Tail,24,,821,Otter Tail24
822,Polk,24,,822,Polk24
823,Ramsey,24,,823,Ramsey24
824,Redwood,24,,824,Redwood24
825,Renville,24,,825,Renville24
826,Rice,24,,826,Rice24
827,Rock,24,,827,Rock24
828,Saint Louis,24,,828,Saint Louis24
829,Scott,24,,829,Scott24
830,Sherburne,24,,830,Sherburne24
831,Sibley,24,,831,Sibley24
832,Stearns,24,,832,Stearns24
833,Steele,24,,833,Steele24
834,Stevens,24,,834,Stevens24
835,Traverse,24,,835,Traverse24
836,Washington,24,,836,Washington24
837,Winona,24,,837,Winona24
838,Wright,24,,838,Wright24
839,Yellow Medicine,24,,839,Yellow Medicine24
840,Audrain,25,,840,Audrain25
841,Barry,25,,841,Barry25
842,Boone,25,,842,Boone25
843,Buchanan,25,,843,Buchanan25
844,Caldwell,25,,844,Caldwell25
845,Callaway,25,,845,Callaway25
846,Camden,25,,846,Camden25
847,Cape Girardeau,25,,847,Cape Girardeau25
848,Cass,25,,848,Cass25
849,Christian,25,,849,Christian25
850,Clay,25,,850,Clay25
851,Cole,25,,851,Cole25
852,Crawford,25,,852,Crawford25
853,Dallas,25,,853,Dallas25
854,Franklin,25,,854,Franklin25
855,Greene,25,,855,Greene25
856,Jackson,25,,856,Jackson25
857,Jasper,25,,857,Jasper25
858,Jefferson,25,,858,Jefferson25
859,Johnson,25,,859,Johnson25
860,Laclede,25,,860,Laclede25
861,Lawrence,25,,861,Lawrence25
862,Lincoln,25,,862,Lincoln25
863,Moniteau,25,,863,Moniteau25
864,Newton,25,,864,Newton25
865,Osage,25,,865,Osage25
866,Perry,25,,866,Perry25
867,Phelps,25,,867,Phelps25
868,Platte,25,,868,Platte25
869,Polk,25,,869,Polk25
870,Pulaski,25,,870,Pulaski25
871,Randolph,25,,871,Randolph25
872,Saint Charles,25,,872,Saint Charles25
873,Saint Louis,25,,873,Saint Louis25
874,Saint Louis City,25,,874,Saint Louis City25
875,Scott,25,,875,Scott25
876,Taney,25,,876,Taney25
877,Webster,25,,877,Webster25
878,Wright,25,,878,Wright25
879,Adams,26,,879,Adams26
880,Copiah,26,,880,Copiah26
881,DeSoto,26,,881,DeSoto26
882,Forrest,26,,882,Forrest26
883,Hancock,26,,883,Hancock26
884,Harrison,26,,884,Harrison26
885,Hinds,26,,885,Hinds26
886,Itawamba,26,,886,Itawamba26
887,Jackson,26,,887,Jackson26
888,Lafayette,26,,888,Lafayette26
889,Lamar,26,,889,Lamar26
890,Lauderdale,26,,890,Lauderdale26
891,Lee,26,,891,Lee26
892,Lowndes,26,,892,Lowndes26
893,Madison,26,,893,Madison26
894,Pearl River,26,,894,Pearl River26
895,Pike,26,,895,Pike26
896,Prentiss,26,,896,Prentiss26
897,Rankin,26,,897,Rankin26
898,Stone,26,,898,Stone26
899,Tunica,26,,899,Tunica26
900,Union,26,,900,Union26
901,Warren,26,,901,Warren26
902,Broadwater,27,,902,Broadwater27
903,Carbon,27,,903,Carbon27
904,Cascade,27,,904,Cascade27
905,Custer,27,,905,Custer27
906,Dawson,27,,906,Dawson27
907,Deer Lodge,27,,907,Deer Lodge27
908,Fergus,27,,908,Fergus27
909,Flathead,27,,909,Flathead27
910,Gallatin,27,,910,Gallatin27
911,Hill,27,,911,Hill27
912,Lake,27,,912,Lake27
913,Lewis and Clark,27,,913,Lewis and Clark27
914,Lincoln,27,,914,Lincoln27
915,Mineral,27,,915,Mineral27
916,Missoula,27,,916,Missoula27
917,Musselshell,27,,917,Musselshell27
918,Park,27,,918,Park27
919,Ravalli,27,,919,Ravalli27
920,Roosevelt,27,,920,Roosevelt27
921,Sanders,27,,921,Sanders27
922,Silver Bow,27,,922,Silver Bow27
923,Stillwater,27,,923,Stillwater27
924,Toole,27,,924,Toole27
925,Yellowstone,27,,925,Yellowstone27
926,Alamance,28,,926,Alamance28
927,Anson,28,,927,Anson28
928,Ashe,28,,928,Ashe28
929,Beaufort,28,,929,Beaufort28
930,Bladen,28,,930,Bladen28
931,Brunswick,28,,931,Brunswick28
932,Buncombe,28,,932,Buncombe28
933,Cabarrus,28,,933,Cabarrus28
934,Camden,28,,934,Camden28
935,Carteret,28,,935,Carteret28
936,Caswell,28,,936,Caswell28
937,Catawba,28,,937,Catawba28
938,Chatham,28,,938,Chatham28
939,Cherokee,28,,939,Cherokee28
940,Chowan,28,,940,Chowan28
941,Clay,28,,941,Clay28
942,Craven,28,,942,Craven28
943,Cumberland,28,,943,Cumberland28
944,Currituck,28,,944,Currituck28
945,Dare,28,,945,Dare28
946,Davidson,28,,946,Davidson28
947,Davie,28,,947,Davie28
948,Duplin,28,,948,Duplin28
949,Durham,28,,949,Durham28
950,Edgecombe,28,,950,Edgecombe28
951,Forsyth,28,,951,Forsyth28
952,Franklin,28,,952,Franklin28
953,Gaston,28,,953,Gaston28
954,Gates,28,,954,Gates28
955,Granville,28,,955,Granville28
956,Greene,28,,956,Greene28
957,Guilford,28,,957,Guilford28
958,Halifax,28,,958,Halifax28
959,Harnett,28,,959,Harnett28
960,Haywood,28,,960,Haywood28
961,Henderson,28,,961,Henderson28
962,Hoke,28,,962,Hoke28
963,Iredell,28,,963,Iredell28
964,Jackson,28,,964,Jackson28
965,Johnston,28,,965,Johnston28
966,Jones,28,,966,Jones28
967,Lee,28,,967,Lee28
968,Lenoir,28,,968,Lenoir28
969,Lincoln,28,,969,Lincoln28
970,Macon,28,,970,Macon28
971,Madison,28,,971,Madison28
972,Martin,28,,972,Martin28
973,Mecklenburg,28,,973,Mecklenburg28
974,Mitchell,28,,974,Mitchell28
975,Montgomery,28,,975,Montgomery28
976,Moore,28,,976,Moore28
977,Nash,28,,977,Nash28
978,New Hanover,28,,978,New Hanover28
979,Northampton,28,,979,Northampton28
980,Onslow,28,,980,Onslow28
981,Orange,28,,981,Orange28
982,Pamlico,28,,982,Pamlico28
983,Pasquotank,28,,983,Pasquotank28
984,Pender,28,,984,Pender28
985,Perquimans,28,,985,Perquimans28
986,Person,28,,986,Person28
987,Pitt,28,,987,Pitt28
988,Polk,28,,988,Polk28
989,Randolph,28,,989,Randolph28
990,Richmond,28,,990,Richmond28
991,Robeson,28,,991,Robeson28
992,Rockingham,28,,992,Rockingham28
993,Rowan,28,,993,Rowan28
994,Rutherford,28,,994,Rutherford28
995,Scotland,28,,995,Scotland28
996,Stanly,28,,996,Stanly28
997,Stokes,28,,997,Stokes28
998,Surry,28,,998,Surry28
999,Swain,28,,999,Swain28
1000,Transylvania,28,,1000,Transylvania28
1001,Union,28,,1001,Union28
1002,Vance,28,,1002,Vance28
1003,Wake,28,,1003,Wake28
1004,Warren,28,,1004,Warren28
1005,Watauga,28,,1005,Watauga28
1006,Wayne,28,,1006,Wayne28
1007,Wilkes,28,,1007,Wilkes28
1008,Yancey,28,,1008,Yancey28
1009,Burleigh,29,,1009,Burleigh29
1010,Cass,29,,1010,Cass29
1011,Grand Forks,29,,1011,Grand Forks29
1012,Ramsey,29,,1012,Ramsey29
1013,Adams,30,,1013,Adams30
1014,Cass,30,,1014,Cass30
1015,Cherry,30,,1015,Cherry30
1016,Cheyenne,30,,1016,Cheyenne30
1017,Dakota,30,,1017,Dakota30
1018,Dodge,30,,1018,Dodge30
1019,Douglas,30,,1019,Douglas30
1020,Gage,30,,1020,Gage30
1021,Hall,30,,1021,Hall30
1022,Hamilton,30,,1022,Hamilton30
1023,Holt,30,,1023,Holt30
1024,Lancaster,30,,1024,Lancaster30
1025,Lincoln,30,,1025,Lincoln30
1026,Nance,30,,1026,Nance30
1027,Otoe,30,,1027,Otoe30
1028,Red Willow,30,,1028,Red Willow30
1029,Saline,30,,1029,Saline30
1030,Sarpy,30,,1030,Sarpy30
1031,Seward,30,,1031,Seward30
1032,Washington,30,,1032,Washington30
1033,Belknap,31,,1033,Belknap31
1034,Carroll,31,,1034,Carroll31
1035,Cheshire,31,,1035,Cheshire31
1036,Coos,31,,1036,Coos31
1037,Grafton,31,,1037,Grafton31
1038,Hillsborough,31,,1038,Hillsborough31
1039,Merrimack,31,,1039,Merrimack31
1040,Rockingham,31,,1040,Rockingham31
1041,Strafford,31,,1041,Strafford31
1042,Sullivan,31,,1042,Sullivan31
1043,Atlantic,32,,1043,Atlantic32
1044,Bergen,32,,1044,Bergen32
1045,Burlington,32,,1045,Burlington32
1046,Camden,32,,1046,Camden32
1047,Cape May,32,,1047,Cape May32
1048,Cumberland,32,,1048,Cumberland32
1049,Essex,32,,1049,Essex32
1050,Gloucester,32,,1050,Gloucester32
1051,Hudson,32,,1051,Hudson32
1052,Hunterdon,32,,1052,Hunterdon32
1053,Mercer,32,,1053,Mercer32
1054,Middlesex,32,,1054,Middlesex32
1055,Monmouth,32,,1055,Monmouth32
1056,Morris,32,,1056,Morris32
1057,Ocean,32,,1057,Ocean32
1058,Passaic,32,,1058,Passaic32
1059,Salem,32,,1059,Salem32
1060,Somerset,32,,1060,Somerset32
1061,Sussex,32,,1061,Sussex32
1062,Union,32,,1062,Union32
1063,Warren,32,,1063,Warren32
1064,Bernalillo,33,,1064,Bernalillo33
1065,Chaves,33,,1065,Chaves33
1066,Cibola,33,,1066,Cibola33
1067,Colfax,33,,1067,Colfax33
1068,Dona Ana,33,,1068,Dona Ana33
1069,Eddy,33,,1069,Eddy33
1070,Grant,33,,1070,Grant33
1071,Lea,33,,1071,Lea33
1072,Lincoln,33,,1072,Lincoln33
1073,Los Alamos,33,,1073,Los Alamos33
1074,Luna,33,,1074,Luna33
1075,McKinley,33,,1075,McKinley33
1076,Otero,33,,1076,Otero33
1077,Rio Arriba,33,,1077,Rio Arriba33
1078,San Juan,33,,1078,San Juan33
1079,San Miguel,33,,1079,San Miguel33
1080,Sandoval,33,,1080,Sandoval33
1081,Santa Fe,33,,1081,Santa Fe33
1082,Sierra,33,,1082,Sierra33
1083,Socorro,33,,1083,Socorro33
1084,Taos,33,,1084,Taos33
1085,Valencia,33,,1085,Valencia33
1086,Carson City,34,,1086,Carson City34
1087,Churchill,34,,1087,Churchill34
1088,Clark,34,,1088,Clark34
1089,Douglas,34,,1089,Douglas34
1090,Elko,34,,1090,Elko34
1091,Humboldt,34,,1091,Humboldt34
1092,Lander,34,,1092,Lander34
1093,Lyon,34,,1093,Lyon34
1094,Nye,34,,1094,Nye34
1095,Pershing,34,,1095,Pershing34
1096,Washoe,34,,1096,Washoe34
1097,White Pine,34,,1097,White Pine34
1098,Albany,35,,1098,Albany35
1099,Broome,35,,1099,Broome35
1100,Cattaraugus,35,,1100,Cattaraugus35
1101,Cayuga,35,,1101,Cayuga35
1102,Chautauqua,35,,1102,Chautauqua35
1103,Chemung,35,,1103,Chemung35
1104,Chenango,35,,1104,Chenango35
1105,Clinton,35,,1105,Clinton35
1106,Columbia,35,,1106,Columbia35
1107,Cortland,35,,1107,Cortland35
1108,Delaware,35,,1108,Delaware35
1109,Dutchess,35,,1109,Dutchess35
1110,Erie,35,,1110,Erie35
1111,Franklin,35,,1111,Franklin35
1112,Fulton,35,,1112,Fulton35
1113,Genesee,35,,1113,Genesee35
1114,Greene,35,,1114,Greene35
1115,Herkimer,35,,1115,Herkimer35
1116,Jefferson,35,,1116,Jefferson35
1117,Lewis,35,,1117,Lewis35
1118,Madison,35,,1118,Madison35
1119,Monroe,35,,1119,Monroe35
1120,Montgomery,35,,1120,Montgomery35
1121,Nassau,35,,1121,Nassau35
1122,Niagara,35,,1122,Niagara35
1123,Oneida,35,,1123,Oneida35
1124,Onondaga,35,,1124,Onondaga35
1125,Ontario,35,,1125,Ontario35
1126,Orange,35,,1126,Orange35
1127,Orleans,35,,1127,Orleans35
1128,Oswego,35,,1128,Oswego35
1129,Otsego,35,,1129,Otsego35
1130,Putnam,35,,1130,Putnam35
1131,Queens,35,,1131,Queens35
1132,Rensselaer,35,,1132,Rensselaer35
1133,Rockland,35,,1133,Rockland35
1134,Saint Lawrence,35,,1134,Saint Lawrence35
1135,Saratoga,35,,1135,Saratoga35
1136,Schenectady,35,,1136,Schenectady35
1137,Schoharie,35,,1137,Schoharie35
1138,Schuyler,35,,1138,Schuyler35
1139,Seneca,35,,1139,Seneca35
1140,Steuben,35,,1140,Steuben35
1141,Suffolk,35,,1141,Suffolk35
1142,Sullivan,35,,1142,Sullivan35
1143,Tioga,35,,1143,Tioga35
1144,Tompkins,35,,1144,Tompkins35
1145,Ulster,35,,1145,Ulster35
1146,Warren,35,,1146,Warren35
1147,Washington,35,,1147,Washington35
1148,Wayne,35,,1148,Wayne35
1149,Westchester,35,,1149,Westchester35
1150,Adams,36,,1150,Adams36
1151,Allen,36,,1151,Allen36
1152,Ashtabula,36,,1152,Ashtabula36
1153,Athens,36,,1153,Athens36
1154,Belmont,36,,1154,Belmont36
1155,Butler,36,,1155,Butler36
1156,Champaign,36,,1156,Champaign36
1157,Clark,36,,1157,Clark36
1158,Clermont,36,,1158,Clermont36
1159,Columbiana,36,,1159,Columbiana36
1160,Coshocton,36,,1160,Coshocton36
1161,Crawford,36,,1161,Crawford36
1162,Cuyahoga,36,,1162,Cuyahoga36
1163,Darke,36,,1163,Darke36
1164,Delaware,36,,1164,Delaware36
1165,Erie,36,,1165,Erie36
1166,Fairfield,36,,1166,Fairfield36
1167,Fayette,36,,1167,Fayette36
1168,Franklin,36,,1168,Franklin36
1169,Fulton,36,,1169,Fulton36
1170,Gallia,36,,1170,Gallia36
1171,Geauga,36,,1171,Geauga36
1172,Greene,36,,1172,Greene36
1173,Hamilton,36,,1173,Hamilton36
1174,Hardin,36,,1174,Hardin36
1175,Harrison,36,,1175,Harrison36
1176,Henry,36,,1176,Henry36
1177,Holmes,36,,1177,Holmes36
1178,Huron,36,,1178,Huron36
1179,Jackson,36,,1179,Jackson36
1180,Jefferson,36,,1180,Jefferson36
1181,Knox,36,,1181,Knox36
1182,Lake,36,,1182,Lake36
1183,Licking,36,,1183,Licking36
1184,Logan,36,,1184,Logan36
1185,Lorain,36,,1185,Lorain36
1186,Lucas,36,,1186,Lucas36
1187,Madison,36,,1187,Madison36
1188,Mahoning,36,,1188,Mahoning36
1189,Marion,36,,1189,Marion36
1190,Medina,36,,1190,Medina36
1191,Meigs,36,,1191,Meigs36
1192,Mercer,36,,1192,Mercer36
1193,Miami,36,,1193,Miami36
1194,Monroe,36,,1194,Monroe36
1195,Montgomery,36,,1195,Montgomery36
1196,Morgan,36,,1196,Morgan36
1197,Morrow,36,,1197,Morrow36
1198,Muskingum,36,,1198,Muskingum36
1199,Noble,36,,1199,Noble36
1200,Ottawa,36,,1200,Ottawa36
1201,Perry,36,,1201,Perry36
1202,Pickaway,36,,1202,Pickaway36
1203,Portage,36,,1203,Portage36
1204,Richland,36,,1204,Richland36
1205,Ross,36,,1205,Ross36
1206,Sandusky,36,,1206,Sandusky36
1207,Scioto,36,,1207,Scioto36
1208,Seneca,36,,1208,Seneca36
1209,Shelby,36,,1209,Shelby36
1210,Stark,36,,1210,Stark36
1211,Summit,36,,1211,Summit36
1212,Trumbull,36,,1212,Trumbull36
1213,Tuscarawas,36,,1213,Tuscarawas36
1214,Union,36,,1214,Union36
1215,Van Wert,36,,1215,Van Wert36
1216,Warren,36,,1216,Warren36
1217,Washington,36,,1217,Washington36
1218,Wayne,36,,1218,Wayne36
1219,Williams,36,,1219,Williams36
1220,Wood,36,,1220,Wood36
1221,Wyandot,36,,1221,Wyandot36
1222,Beckham,37,,1222,Beckham37
1223,Bryan,37,,1223,Bryan37
1224,Canadian,37,,1224,Canadian37
1225,Carter,37,,1225,Carter37
1226,Cherokee,37,,1226,Cherokee37
1227,Cleveland,37,,1227,Cleveland37
1228,Comanche,37,,1228,Comanche37
1229,Cotton,37,,1229,Cotton37
1230,Creek,37,,1230,Creek37
1231,Custer,37,,1231,Custer37
1232,Delaware,37,,1232,Delaware37
1233,Garfield,37,,1233,Garfield37
1234,Garvin,37,,1234,Garvin37
1235,Grady,37,,1235,Grady37
1236,Greer,37,,1236,Greer37
1237,Harmon,37,,1237,Harmon37
1238,Hughes,37,,1238,Hughes37
1239,Jackson,37,,1239,Jackson37
1240,Johnston,37,,1240,Johnston37
1241,LeFlore,37,,1241,LeFlore37
1242,Logan,37,,1242,Logan37
1243,Love,37,,1243,Love37
1244,Marshall,37,,1244,Marshall37
1245,Mayes,37,,1245,Mayes37
1246,McClain,37,,1246,McClain37
1247,Muskogee,37,,1247,Muskogee37
1248,Nowata,37,,1248,Nowata37
1249,Oklahoma,37,,1249,Oklahoma37
1250,Osage,37,,1250,Osage37
1251,Payne,37,,1251,Payne37
1252,Pittsburg,37,,1252,Pittsburg37
1253,Pontotoc,37,,1253,Pontotoc37
1254,Pottawatomie,37,,1254,Pottawatomie37
1255,Rogers,37,,1255,Rogers37
1256,Seminole,37,,1256,Seminole37
1257,Sequoyah,37,,1257,Sequoyah37
1258,Stephens,37,,1258,Stephens37
1259,Tulsa,37,,1259,Tulsa37
1260,Wagoner,37,,1260,Wagoner37
1261,Washington,37,,1261,Washington37
1262,Woodward,37,,1262,Woodward37
1263,Benton,38,,1263,Benton38
1264,Clackamas,38,,1264,Clackamas38
1265,Clatsop,38,,1265,Clatsop38
1266,Columbia,38,,1266,Columbia38
1267,Coos,38,,1267,Coos38
1268,Crook,38,,1268,Crook38
1269,Curry,38,,1269,Curry38
1270,Deschutes,38,,1270,Deschutes38
1271,Douglas,38,,1271,Douglas38
1272,Hood River,38,,1272,Hood River38
1273,Jackson,38,,1273,Jackson38
1274,Jefferson,38,,1274,Jefferson38
1275,Josephine,38,,1275,Josephine38
1276,Klamath,38,,1276,Klamath38
1277,Lake,38,,1277,Lake38
1278,Lane,38,,1278,Lane38
1279,Lincoln,38,,1279,Lincoln38
1280,Linn,38,,1280,Linn38
1281,Malheur,38,,1281,Malheur38
1282,Marion,38,,1282,Marion38
1283,Multnomah,38,,1283,Multnomah38
1284,Polk,38,,1284,Polk38
1285,Tillamook,38,,1285,Tillamook38
1286,Umatilla,38,,1286,Umatilla38
1287,Union,38,,1287,Union38
1288,Wasco,38,,1288,Wasco38
1289,Washington,38,,1289,Washington38
1290,Yamhill,38,,1290,Yamhill38
1291,Adams,39,,1291,Adams39
1292,Allegheny,39,,1292,Allegheny39
1293,Beaver,39,,1293,Beaver39
1294,Bedford,39,,1294,Bedford39
1295,Berks,39,,1295,Berks39
1296,Blair,39,,1296,Blair39
1297,Bradford,39,,1297,Bradford39
1298,Bucks,39,,1298,Bucks39
1299,Butler,39,,1299,Butler39
1300,Carbon,39,,1300,Carbon39
1301,Centre,39,,1301,Centre39
1302,Chester,39,,1302,Chester39
1303,Clarion,39,,1303,Clarion39
1304,Clearfield,39,,1304,Clearfield39
1305,Clinton,39,,1305,Clinton39
1306,Columbia,39,,1306,Columbia39
1307,Crawford,39,,1307,Crawford39
1308,Cumberland,39,,1308,Cumberland39
1309,Dauphin,39,,1309,Dauphin39
1310,Delaware,39,,1310,Delaware39
1311,Erie,39,,1311,Erie39
1312,Fayette,39,,1312,Fayette39
1313,Franklin,39,,1313,Franklin39
1314,Greene,39,,1314,Greene39
1315,Indiana,39,,1315,Indiana39
1316,Juniata,39,,1316,Juniata39
1317,Lackawanna,39,,1317,Lackawanna39
1318,Lancaster,39,,1318,Lancaster39
1319,Lawrence,39,,1319,Lawrence39
1320,Lebanon,39,,1320,Lebanon39
1321,Lehigh,39,,1321,Lehigh39
1322,Luzerne,39,,1322,Luzerne39
1323,Lycoming,39,,1323,Lycoming39
1324,McKean,39,,1324,McKean39
1325,Mifflin,39,,1325,Mifflin39
1326,Monroe,39,,1326,Monroe39
1327,Montgomery,39,,1327,Montgomery39
1328,Montour,39,,1328,Montour39
1329,Northampton,39,,1329,Northampton39
1330,Northumberland,39,,1330,Northumberland39
1331,Perry,39,,1331,Perry39
1332,Philadelphia,39,,1332,Philadelphia39
1333,Pike,39,,1333,Pike39
1334,Potter,39,,1334,Potter39
1335,Schuylkill,39,,1335,Schuylkill39
1336,Snyder,39,,1336,Snyder39
1337,Somerset,39,,1337,Somerset39
1338,Sullivan,39,,1338,Sullivan39
1339,Tioga,39,,1339,Tioga39
1340,Warren,39,,1340,Warren39
1341,Washington,39,,1341,Washington39
1342,Wayne,39,,1342,Wayne39
1343,Westmoreland,39,,1343,Westmoreland39
1344,Wyoming,39,,1344,Wyoming39
1345,York,39,,1345,York39
1346,Bristol,40,,1346,Bristol40
1347,Kent,40,,1347,Kent40
1348,Newport,40,,1348,Newport40
1349,Providence,40,,1349,Providence40
1350,Washington,40,,1350,Washington40
1351,Aiken,41,,1351,Aiken41
1352,Anderson,41,,1352,Anderson41
1353,Barnwell,41,,1353,Barnwell41
1354,Beaufort,41,,1354,Beaufort41
1355,Berkeley,41,,1355,Berkeley41
1356,Charleston,41,,1356,Charleston41
1357,Cherokee,41,,1357,Cherokee41
1358,Clarendon,41,,1358,Clarendon41
1359,Colleton,41,,1359,Colleton41
1360,Dorchester,41,,1360,Dorchester41
1361,Edgefield,41,,1361,Edgefield41
1362,Florence,41,,1362,Florence41
1363,Georgetown,41,,1363,Georgetown41
1364,Greenville,41,,1364,Greenville41
1365,Greenwood,41,,1365,Greenwood41
1366,Hampton,41,,1366,Hampton41
1367,Horry,41,,1367,Horry41
1368,Jasper,41,,1368,Jasper41
1369,Kershaw,41,,1369,Kershaw41
1370,Lancaster,41,,1370,Lancaster41
1371,Laurens,41,,1371,Laurens41
1372,Lee,41,,1372,Lee41
1373,Lexington,41,,1373,Lexington41
1374,Newberry,41,,1374,Newberry41
1375,Oconee,41,,1375,Oconee41
1376,Orangeburg,41,,1376,Orangeburg41
1377,Pickens,41,,1377,Pickens41
1378,Richland,41,,1378,Richland41
1379,Spartanburg,41,,1379,Spartanburg41
1380,Sumter,41,,1380,Sumter41
1381,York,41,,1381,York41
1382,Beadle,42,,1382,Beadle42
1383,Brookings,42,,1383,Brookings42
1384,Hughes,42,,1384,Hughes42
1385,Lawrence,42,,1385,Lawrence42
1386,Minnehaha,42,,1386,Minnehaha42
1387,Pennington,42,,1387,Pennington42
1388,Union,42,,1388,Union42
1389,Yankton,42,,1389,Yankton42
1390,Anderson,43,,1390,Anderson43
1391,Bedford,43,,1391,Bedford43
1392,Blount,43,,1392,Blount43
1393,Bradley,43,,1393,Bradley43
1394,Cannon,43,,1394,Cannon43
1395,Carter,43,,1395,Carter43
1396,Cheatham,43,,1396,Cheatham43
1397,Coffee,43,,1397,Coffee43
1398,Cumberland,43,,1398,Cumberland43
1399,Davidson,43,,1399,Davidson43
1400,Dickson,43,,1400,Dickson43
1401,Dyer,43,,1401,Dyer43
1402,Fayette,43,,1402,Fayette43
1403,Franklin,43,,1403,Franklin43
1404,Gibson,43,,1404,Gibson43
1405,Giles,43,,1405,Giles43
1406,Greene,43,,1406,Greene43
1407,Hamblen,43,,1407,Hamblen43
1408,Hamilton,43,,1408,Hamilton43
1409,Haywood,43,,1409,Haywood43
1410,Hickman,43,,1410,Hickman43
1411,Humphreys,43,,1411,Humphreys43
1412,Jefferson,43,,1412,Jefferson43
1413,Knox,43,,1413,Knox43
1414,Lincoln,43,,1414,Lincoln43
1415,Loudon,43,,1415,Loudon43
1416,Madison,43,,1416,Madison43
1417,Marion,43,,1417,Marion43
1418,Maury,43,,1418,Maury43
1419,McMinn,43,,1419,McMinn43
1420,Monroe,43,,1420,Monroe43
1421,Montgomery,43,,1421,Montgomery43
1422,Moore,43,,1422,Moore43
1423,Perry,43,,1423,Perry43
1424,Putnam,43,,1424,Putnam43
1425,Roane,43,,1425,Roane43
1426,Robertson,43,,1426,Robertson43
1427,Rutherford,43,,1427,Rutherford43
1428,Sevier,43,,1428,Sevier43
1429,Shelby,43,,1429,Shelby43
1430,Stewart,43,,1430,Stewart43
1431,Sullivan,43,,1431,Sullivan43
1432,Sumner,43,,1432,Sumner43
1433,Tipton,43,,1433,Tipton43
1434,Unicoi,43,,1434,Unicoi43
1435,Washington,43,,1435,Washington43
1436,Weakley,43,,1436,Weakley43
1437,White,43,,1437,White43
1438,Williamson,43,,1438,Williamson43
1439,Wilson,43,,1439,Wilson43
1440,Anderson,44,,1440,Anderson44
1441,Andrews,44,,1441,Andrews44
1442,Angelina,44,,1442,Angelina44
1443,Aransas,44,,1443,Aransas44
1444,Austin,44,,1444,Austin44
1445,Bastrop,44,,1445,Bastrop44
1446,Bell,44,,1446,Bell44
1447,Bexar,44,,1447,Bexar44
1448,Blanco,44,,1448,Blanco44
1449,Bosque,44,,1449,Bosque44
1450,Bowie,44,,1450,Bowie44
1451,Brazoria,44,,1451,Brazoria44
1452,Brazos,44,,1452,Brazos44
1453,Brewster,44,,1453,Brewster44
1454,Brown,44,,1454,Brown44
1455,Burleson,44,,1455,Burleson44
1456,Burnet,44,,1456,Burnet44
1457,Caldwell,44,,1457,Caldwell44
1458,Callahan,44,,1458,Callahan44
1459,Cameron,44,,1459,Cameron44
1460,Chambers,44,,1460,Chambers44
1461,Cherokee,44,,1461,Cherokee44
1462,Childress,44,,1462,Childress44
1463,Clay,44,,1463,Clay44
1464,Collin,44,,1464,Collin44
1465,Colorado,44,,1465,Colorado44
1466,Comal,44,,1466,Comal44
1467,Cooke,44,,1467,Cooke44
1468,Coryell,44,,1468,Coryell44
1469,Crane,44,,1469,Crane44
1470,Dallas,44,,1470,Dallas44
1471,De Witt,44,,1471,De Witt44
1472,Delta,44,,1472,Delta44
1473,Denton,44,,1473,Denton44
1474,Dickens,44,,1474,Dickens44
1475,Dimmit,44,,1475,Dimmit44
1476,Eastland,44,,1476,Eastland44
1477,El Paso,44,,1477,El Paso44
1478,Ellis,44,,1478,Ellis44
1479,Erath,44,,1479,Erath44
1480,Falls,44,,1480,Falls44
1481,Fannin,44,,1481,Fannin44
1482,Fayette,44,,1482,Fayette44
1483,Fort Bend,44,,1483,Fort Bend44
1484,Franklin,44,,1484,Franklin44
1485,Frio,44,,1485,Frio44
1486,Galveston,44,,1486,Galveston44
1487,Garza,44,,1487,Garza44
1488,Gillespie,44,,1488,Gillespie44
1489,Gonzales,44,,1489,Gonzales44
1490,Gray,44,,1490,Gray44
1491,Grayson,44,,1491,Grayson44
1492,Gregg,44,,1492,Gregg44
1493,Grimes,44,,1493,Grimes44
1494,Guadalupe,44,,1494,Guadalupe44
1495,Hale,44,,1495,Hale44
1496,Hardin,44,,1496,Hardin44
1497,Harris,44,,1497,Harris44
1498,Harrison,44,,1498,Harrison44
1499,Haskell,44,,1499,Haskell44
1500,Hays,44,,1500,Hays44
1501,Henderson,44,,1501,Henderson44
1502,Hidalgo,44,,1502,Hidalgo44
1503,Hill,44,,1503,Hill44
1504,Hood,44,,1504,Hood44
1505,Hopkins,44,,1505,Hopkins44
1506,Howard,44,,1506,Howard44
1507,Hunt,44,,1507,Hunt44
1508,Jefferson,44,,1508,Jefferson44
1509,Jim Wells,44,,1509,Jim Wells44
1510,Johnson,44,,1510,Johnson44
1511,Jones,44,,1511,Jones44
1512,Karnes,44,,1512,Karnes44
1513,Kaufman,44,,1513,Kaufman44
1514,Kendall,44,,1514,Kendall44
1515,Kerr,44,,1515,Kerr44
1516,Kinney,44,,1516,Kinney44
1517,Kleberg,44,,1517,Kleberg44
1518,La Salle,44,,1518,La Salle44
1519,Lamar,44,,1519,Lamar44
1520,Lamb,44,,1520,Lamb44
1521,Lampasas,44,,1521,Lampasas44
1522,Lee,44,,1522,Lee44
1523,Leon,44,,1523,Leon44
1524,Limestone,44,,1524,Limestone44
1525,Live Oak,44,,1525,Live Oak44
1526,Llano,44,,1526,Llano44
1527,Lubbock,44,,1527,Lubbock44
1528,Madison,44,,1528,Madison44
1529,Marion,44,,1529,Marion44
1530,Maverick,44,,1530,Maverick44
1531,McCulloch,44,,1531,McCulloch44
1532,McLennan,44,,1532,McLennan44
1533,Medina,44,,1533,Medina44
1534,Mitchell,44,,1534,Mitchell44
1535,Montague,44,,1535,Montague44
1536,Montgomery,44,,1536,Montgomery44
1537,Moore,44,,1537,Moore44
1538,Navarro,44,,1538,Navarro44
1539,Nolan,44,,1539,Nolan44
1540,Nueces,44,,1540,Nueces44
1541,Orange,44,,1541,Orange44
1542,Parker,44,,1542,Parker44
1543,Pecos,44,,1543,Pecos44
1544,Potter,44,,1544,Potter44
1545,Rains,44,,1545,Rains44
1546,Randall,44,,1546,Randall44
1547,Reeves,44,,1547,Reeves44
1548,Refugio,44,,1548,Refugio44
1549,Robertson,44,,1549,Robertson44
1550,Rockwall,44,,1550,Rockwall44
1551,Rusk,44,,1551,Rusk44
1552,San Jacinto,44,,1552,San Jacinto44
1553,San Patricio,44,,1553,San Patricio44
1554,Scurry,44,,1554,Scurry44
1555,Shackelford,44,,1555,Shackelford44
1556,Smith,44,,1556,Smith44
1557,Somervell,44,,1557,Somervell44
1558,Tarrant,44,,1558,Tarrant44
1559,Taylor,44,,1559,Taylor44
1560,Terry,44,,1560,Terry44
1561,Tom Green,44,,1561,Tom Green44
1562,Travis,44,,1562,Travis44
1563,Trinity,44,,1563,Trinity44
1564,Tyler,44,,1564,Tyler44
1565,Upshur,44,,1565,Upshur44
1566,Val Verde,44,,1566,Val Verde44
1567,Van Zandt,44,,1567,Van Zandt44
1568,Walker,44,,1568,Walker44
1569,Waller,44,,1569,Waller44
1570,Ward,44,,1570,Ward44
1571,Washington,44,,1571,Washington44
1572,Webb,44,,1572,Webb44
1573,Wharton,44,,1573,Wharton44
1574,Wheeler,44,,1574,Wheeler44
1575,Wichita,44,,1575,Wichita44
1576,Wilbarger,44,,1576,Wilbarger44
1577,Williamson,44,,1577,Williamson44
1578,Wilson,44,,1578,Wilson44
1579,Winkler,44,,1579,Winkler44
1580,Wise,44,,1580,Wise44
1581,Wood,44,,1581,Wood44
1582,Box Elder,45,,1582,Box Elder45
1583,Carbon,45,,1583,Carbon45
1584,Davis,45,,1584,Davis45
1585,Duchesne,45,,1585,Duchesne45
1586,Iron,45,,1586,Iron45
1587,Juab,45,,1587,Juab45
1588,Morgan,45,,1588,Morgan45
1589,Salt Lake,45,,1589,Salt Lake45
1590,Sevier,45,,1590,Sevier45
1591,Tooele,45,,1591,Tooele45
1592,Uintah,45,,1592,Uintah45
1593,Utah,45,,1593,Utah45
1594,Wasatch,45,,1594,Wasatch45
1595,Washington,45,,1595,Washington45
1596,Weber,45,,1596,Weber45
1597,Accomack,46,,1597,Accomack46
1598,Albemarle,46,,1598,Albemarle46
1599,Alexandria City,46,,1599,Alexandria City46
1600,Amelia,46,,1600,Amelia46
1601,Amherst,46,,1601,Amherst46
1602,Appomattox,46,,1602,Appomattox46
1603,Arlington,46,,1603,Arlington46
1604,Augusta,46,,1604,Augusta46
1605,Bedford,46,,1605,Bedford46
1606,Botetourt,46,,1606,Botetourt46
1607,Bristol City,46,,1607,Bristol City46
1608,Brunswick,46,,1608,Brunswick46
1609,Buckingham,46,,1609,Buckingham46
1610,Buena Vista City,46,,1610,Buena Vista City46
1611,Campbell,46,,1611,Campbell46
1612,Caroline,46,,1612,Caroline46
1613,Charles City,46,,1613,Charles City46
1614,Charlotte,46,,1614,Charlotte46
1615,Chesapeake City,46,,1615,Chesapeake City46
1616,Chesterfield,46,,1616,Chesterfield46
1617,Clarke,46,,1617,Clarke46
1618,Colonial Heights City,46,,1618,Colonial Heights City46
1619,Culpeper,46,,1619,Culpeper46
1620,Cumberland,46,,1620,Cumberland46
1621,Danville City,46,,1621,Danville City46
1622,Dinwiddie,46,,1622,Dinwiddie46
1623,Essex,46,,1623,Essex46
1624,Fairfax,46,,1624,Fairfax46
1625,Fauquier,46,,1625,Fauquier46
1626,Floyd,46,,1626,Floyd46
1627,Fluvanna,46,,1627,Fluvanna46
1628,Franklin,46,,1628,Franklin46
1629,Franklin City,46,,1629,Franklin City46
1630,Frederick,46,,1630,Frederick46
1631,Giles,46,,1631,Giles46
1632,Gloucester,46,,1632,Gloucester46
1633,Goochland,46,,1633,Goochland46
1634,Greene,46,,1634,Greene46
1635,Halifax,46,,1635,Halifax46
1636,Hampton City,46,,1636,Hampton City46
1637,Hanover,46,,1637,Hanover46
1638,Harrisonburg City,46,,1638,Harrisonburg City46
1639,Henrico,46,,1639,Henrico46
1640,Hopewell City,46,,1640,Hopewell City46
1641,Isle of Wight,46,,1641,Isle of Wight46
1642,James City,46,,1642,James City46
1643,King George,46,,1643,King George46
1644,King William,46,,1644,King William46
1645,Lancaster,46,,1645,Lancaster46
1646,Loudoun,46,,1646,Loudoun46
1647,Louisa,46,,1647,Louisa46
1648,Lynchburg City,46,,1648,Lynchburg City46
1649,Madison,46,,1649,Madison46
1650,Manassas Park City,46,,1650,Manassas Park City46
1651,Mecklenburg,46,,1651,Mecklenburg46
1652,Middlesex,46,,1652,Middlesex46
1653,Montgomery,46,,1653,Montgomery46
1654,Nelson,46,,1654,Nelson46
1655,New Kent,46,,1655,New Kent46
1656,Newport News City,46,,1656,Newport News City46
1657,Norfolk City,46,,1657,Norfolk City46
1658,Northumberland,46,,1658,Northumberland46
1659,Norton City,46,,1659,Norton City46
1660,Nottoway,46,,1660,Nottoway46
1661,Orange,46,,1661,Orange46
1662,Page,46,,1662,Page46
1663,Patrick,46,,1663,Patrick46
1664,Petersburg City,46,,1664,Petersburg City46
1665,Poquoson City,46,,1665,Poquoson City46
1666,Portsmouth City,46,,1666,Portsmouth City46
1667,Powhatan,46,,1667,Powhatan46
1668,Prince Edward,46,,1668,Prince Edward46
1669,Prince George,46,,1669,Prince George46
1670,Prince William,46,,1670,Prince William46
1671,Pulaski,46,,1671,Pulaski46
1672,Radford City,46,,1672,Radford City46
1673,Rappahannock,46,,1673,Rappahannock46
1674,Richmond,46,,1674,Richmond46
1675,Richmond City,46,,1675,Richmond City46
1676,Roanoke,46,,1676,Roanoke46
1677,Roanoke City,46,,1677,Roanoke City46
1678,Rockbridge,46,,1678,Rockbridge46
1679,Rockingham,46,,1679,Rockingham46
1680,Salem City,46,,1680,Salem City46
1681,Shenandoah,46,,1681,Shenandoah46
1682,Smyth,46,,1682,Smyth46
1683,Southampton,46,,1683,Southampton46
1684,Spotsylvania,46,,1684,Spotsylvania46
1685,Stafford,46,,1685,Stafford46
1686,Staunton City,46,,1686,Staunton City46
1687,Suffolk City,46,,1687,Suffolk City46
1688,Surry,46,,1688,Surry46
1689,Tazewell,46,,1689,Tazewell46
1690,Virginia Beach City,46,,1690,Virginia Beach City46
1691,Warren,46,,1691,Warren46
1692,Waynesboro City,46,,1692,Waynesboro City46
1693,Westmoreland,46,,1693,Westmoreland46
1694,Wise,46,,1694,Wise46
1695,Wythe,46,,1695,Wythe46
1696,York,46,,1696,York46
1697,Addison,47,,1697,Addison47
1698,Bennington,47,,1698,Bennington47
1699,Caledonia,47,,1699,Caledonia47
1700,Chittenden,47,,1700,Chittenden47
1701,Essex,47,,1701,Essex47
1702,Franklin,47,,1702,Franklin47
1703,Grand Isle,47,,1703,Grand Isle47
1704,Lamoille,47,,1704,Lamoille47
1705,Orange,47,,1705,Orange47
1706,Orleans,47,,1706,Orleans47
1707,Rutland,47,,1707,Rutland47
1708,Washington,47,,1708,Washington47
1709,Windham,47,,1709,Windham47
1710,Windsor,47,,1710,Windsor47
1711,Adams,48,,1711,Adams48
1712,Asotin,48,,1712,Asotin48
1713,Benton,48,,1713,Benton48
1714,Chelan,48,,1714,Chelan48
1715,Clallam,48,,1715,Clallam48
1716,Clark,48,,1716,Clark48
1717,Cowlitz,48,,1717,Cowlitz48
1718,Douglas,48,,1718,Douglas48
1719,Ferry,48,,1719,Ferry48
1720,Franklin,48,,1720,Franklin48
1721,Grant,48,,1721,Grant48
1722,Grays Harbor,48,,1722,Grays Harbor48
1723,Island,48,,1723,Island48
1724,Jefferson,48,,1724,Jefferson48
1725,King,48,,1725,King48
1726,Kitsap,48,,1726,Kitsap48
1727,Kittitas,48,,1727,Kittitas48
1728,Klickitat,48,,1728,Klickitat48
1729,Lewis,48,,1729,Lewis48
1730,Lincoln,48,,1730,Lincoln48
1731,Mason,48,,1731,Mason48
1732,Pacific,48,,1732,Pacific48
1733,Pend Oreille,48,,1733,Pend Oreille48
1734,Pierce,48,,1734,Pierce48
1735,San Juan,48,,1735,San Juan48
1736,Skagit,48,,1736,Skagit48
1737,Skamania,48,,1737,Skamania48
1738,Snohomish,48,,1738,Snohomish48
1739,Spokane,48,,1739,Spokane48
1740,Stevens,48,,1740,Stevens48
1741,Thurston,48,,1741,Thurston48
1742,Wahkiakum,48,,1742,Wahkiakum48
1743,Walla Walla,48,,1743,Walla Walla48
1744,Whatcom,48,,1744,Whatcom48
1745,Whitman,48,,1745,Whitman48
1746,Yakima,48,,1746,Yakima48
1747,Barron,49,,1747,Barron49
1748,Brown,49,,1748,Brown49
1749,Buffalo,49,,1749,Buffalo49
1750,Calumet,49,,1750,Calumet49
1751,Chippewa,49,,1751,Chippewa49
1752,Columbia,49,,1752,Columbia49
1753,Dane,49,,1753,Dane49
1754,Dodge,49,,1754,Dodge49
1755,Door,49,,1755,Door49
1756,Douglas,49,,1756,Douglas49
1757,Dunn,49,,1757,Dunn49
1758,Eau Claire,49,,1758,Eau Claire49
1759,Fond du Lac,49,,1759,Fond du Lac49
1760,Grant,49,,1760,Grant49
1761,Green,49,,1761,Green49
1762,Green Lake,49,,1762,Green Lake49
1763,Iowa,49,,1763,Iowa49
1764,Jefferson,49,,1764,Jefferson49
1765,Juneau,49,,1765,Juneau49
1766,Kenosha,49,,1766,Kenosha49
1767,Kewaunee,49,,1767,Kewaunee49
1768,Manitowoc,49,,1768,Manitowoc49
1769,Marathon,49,,1769,Marathon49
1770,Marinette,49,,1770,Marinette49
1771,Milwaukee,49,,1771,Milwaukee49
1772,Monroe,49,,1772,Monroe49
1773,Oneida,49,,1773,Oneida49
1774,Outagamie,49,,1774,Outagamie49
1775,Ozaukee,49,,1775,Ozaukee49
1776,Pepin,49,,1776,Pepin49
1777,Pierce,49,,1777,Pierce49
1778,Polk,49,,1778,Polk49
1779,Racine,49,,1779,Racine49
1780,Rock,49,,1780,Rock49
1781,Saint Croix,49,,1781,Saint Croix49
1782,Sauk,49,,1782,Sauk49
1783,Sheboygan,49,,1783,Sheboygan49
1784,Vilas,49,,1784,Vilas49
1785,Walworth,49,,1785,Walworth49
1786,Washburn,49,,1786,Washburn49
1787,Washington,49,,1787,Washington49
1788,Waukesha,49,,1788,Waukesha49
1789,Waupaca,49,,1789,Waupaca49
1790,Winnebago,49,,1790,Winnebago49
1791,Wood,49,,1791,Wood49
1792,Berkeley,50,,1792,Berkeley50
1793,Brooke,50,,1793,Brooke50
1794,Cabell,50,,1794,Cabell50
1795,Doddridge,50,,1795,Doddridge50
1796,Hancock,50,,1796,Hancock50
1797,Harrison,50,,1797,Harrison50
1798,Jefferson,50,,1798,Jefferson50
1799,Kanawha,50,,1799,Kanawha50
1800,Lewis,50,,1800,Lewis50
1801,Marion,50,,1801,Marion50
1802,Marshall,50,,1802,Marshall50
1803,Mercer,50,,1803,Mercer50
1804,Mineral,50,,1804,Mineral50
1805,Monongalia,50,,1805,Monongalia50
1806,Morgan,50,,1806,Morgan50
1807,Ohio,50,,1807,Ohio50
1808,Putnam,50,,1808,Putnam50
1809,Raleigh,50,,1809,Raleigh50
1810,Upshur,50,,1810,Upshur50
1811,Wood,50,,1811,Wood50
1812,Albany,51,,1812,Albany51
1813,Big Horn,51,,1813,Big Horn51
1814,Carbon,51,,1814,Carbon51
1815,Fremont,51,,1815,Fremont51
1816,Goshen,51,,1816,Goshen51
1817,Hot Springs,51,,1817,Hot Springs51
1818,Laramie,51,,1818,Laramie51
1819,Natrona,51,,1819,Natrona51
1820,Park,51,,1820,Park51
1821,Platte,51,,1821,Platte51
1822,Sweetwater,51,,1822,Sweetwater51
1823,Washakie,51,,1823,Washakie51
1824,Weston,51,,1824,Weston51
